zh,en,category,note
溧水,Lishui,地名,必须与浙江丽水（Lishui, Zhejiang）区分，英文行文统一写 Lishui, Nanjing 或 Lishui District
溧水区,Lishui District,行政区划,首次出现用全称，后文可用 the district
溧水县,Lishui County,行政区划,2013 年撤县设区前的县制名称
溧水州,Lishui Zhou,行政区划,元代由县升州，英文保留州制音译 Zhou 并附 prefecture 说明
蒋州,Jiangzhou,行政区划,隋代州名
丹阳郡,Danyang Commandery,行政区划,隋代郡名
升州,Shengzhou,行政区划,唐代州名
江宁府,Jiangning Prefecture,行政区划,宋、清府名
建康府,Jiankang Prefecture,行政区划,南宋府名
集庆路,Jiqing Circuit,行政区划,元代路名，英文用 Circuit 表示路
应天府,Yingtian Prefecture,行政区划,明代府名
镇江专区,Zhenjiang Prefecture,行政区划,1949 年后行政督察区名
溧阳县,Liyang County,行政区划,隋置溧水县时析出的来源县
永阳街道,Yongyang Subdistrict,行政区划,通名 Subdistrict，其余街道同理
柘塘街道,Zhetang Subdistrict,行政区划,
东屏街道,Dongping Subdistrict,行政区划,
洪蓝街道,Honglan Subdistrict,行政区划,
石湫街道,Shiqiu Subdistrict,行政区划,
白马镇,Baima Town,行政区划,通名 Town，其余镇同理
和凤镇,Hefeng Town,行政区划,
晶桥镇,Jingqiao Town,行政区划,
石头寨村,Shitouzhai Village,行政区划,通名 Village
梅梁渡,Meiliang Ferry,地名,明代漕运仓迁此，后改称仓口
仓口,Cangkou,地名,由梅梁渡改称，因漕运仓得名
秦淮河,Qinhuai River,水系,通行英文名，不写作 Qinhuai He
胭脂河,Yanzhi River,水系,专名音译 + 通名意译
石臼湖,Shijiu Lake,湖泊,专名音译 + Lake
天生桥,Tiansheng Bridge,古迹,不意译为 Natural Bridge，避免与自然景观混淆
胭脂岗,Yanzhi Hill,山体,开凿胭脂河的山岗
蒲塘桥,Putang Bridge,古迹,明代石拱桥
长乐桥,Changle Bridge,古迹,宋代石拱桥
永寿寺塔,Yongshou Temple Pagoda,古迹,通名 Pagoda
无想山,Wuxiang Mountain,山体,山名音译 + Mountain
无想寺,Wuxiang Temple,寺庙,
韩熙载读书台,Han Xizai's Reading Terrace,古迹,人名音译 + 意译的读书台
红色李巷,Lixiang Revolutionary Site,纪念地,「红色」意译为 Revolutionary，李巷音译
新四军,New Fourth Army,机构,通行英文名
《溧水县志》,Lishui County Gazetteer,文献,书名意译；具体版本写作 Lishui County Gazetteer (Shunzhi edition)
《万历溧水县志》,Lishui County Gazetteer (Wanli edition),文献,明代版本
《顺治溧水县志》,Lishui County Gazetteer (Shunzhi edition),文献,清顺治十五年刻本
《康熙溧水县志》,Lishui County Gazetteer (Kangxi edition),文献,
《乾隆溧水县志》,Lishui County Gazetteer (Qianlong edition),文献,
《光绪溧水县志》,Lishui County Gazetteer (Guangxu edition),文献,清光绪年间刻本
隋,Sui,朝代,通行英文朝代名，不音译
唐,Tang,朝代,
宋,Song,朝代,
元,Yuan,朝代,
明,Ming,朝代,
清,Qing,朝代,
民国,Republic of China,朝代,时间段表述用 the Republican period
当代,Contemporary,朝代,时间段表述用 since 1949
明代,Ming dynasty,朝代,条目 era 字段的取值
抗战时期,the War of Resistance period,时期,条目 era 字段的取值
明洪武年间,Hongwu period of the Ming,年号,条目 era 字段的取值
康熙年间,the Kangxi period,年号,条目 era 字段的取值
洪武二十六年,the twenty-sixth year of the Hongwu era,年号,公元 1393 年；条目 time.era 的取值
开皇十一年,the eleventh year of the Kaihuang era,年号,必须补公元年份，写作 the eleventh year of the Kaihuang era (591 CE)
洪武,the Hongwu era,年号,
元贞元年,the first year of the Yuanzhen era,年号,
隆庆,the Longqing era,年号,
会昌四年,the fourth year of the Huichang era,年号,
崇山侯,Marquis of Chongshan,职官,爵位意译
知县,zhixian (county magistrate),职官,先音译再补职掌说明，不硬套英国官职
漕运,grain transport,制度,专指漕粮运输
县志,county gazetteer,文献,通名意译
文物保护单位,protected cultural relic site,制度,级别见 protection_level 取值表
全国重点文物保护单位,Major Historical and Cultural Site Protected at the National Level,制度,英文用官方通行译法
江苏省文物保护单位,Cultural Relic Site Protected at the Provincial Level of Jiangsu,制度,
高淳,Gaochun,行政区划,明代析溧水西南境置高淳县，与溧水分治
会稽郡,Kuaiji Commandery,行政区划,秦郡名
鄣郡,Zhang Commandery,行政区划,秦汉郡名
宣州,Xuanzhou,行政区划,唐代州名
扬州,Yangzhou,行政区划,唐代州名
江宁郡,Jiangning Commandery,行政区划,唐肃宗至德二载置
永安县,Yong'an County,行政区划,六朝析置县，与今福建永安无关
永世县,Yongshi County,行政区划,六朝析置县
平陵县,Pingling County,行政区划,六朝析置县
广通镇,Guangtong,地名,明代胭脂河沿线置闸处
洪蓝埠,Honglan Wharf,地名,胭脂河南端入石臼湖处
固城湖,Gucheng Lake,湖泊,胭脂河配套闸坝涉及的湖泊
丹阳湖,Danyang Lake,湖泊,
回峰山,Huifeng Mountain,山体,神仙洞遗址所在，山名音译 + Mountain
神仙洞,Shenxian Cave,遗址,回峰山石灰岩溶洞遗址
魏家村土墩墓群,Weijiacun Mound Tombs,墓葬,第七批江苏省文物保护单位
苏南行政公署,Southern Jiangsu Administrative Office,机构,1949 年后苏南行政区机构
中共苏皖区委,CPC Jiangsu-Anhui Regional Committee,机构,抗战时期苏南党组织
新四军第六师十六旅,"16th Brigade, 6th Division, New Fourth Army",机构,番号照录，不简化
《苏南施政纲领》,Administrative Programme for Southern Jiangsu,文献,书名意译
塘马战斗,Tangma Battle,事件,1941 年 11 月，此后苏南领导机关移驻李巷
苏南小延安,"the Little Yan'an of southern Jiangsu",地名,史学界称法，英文加引号并标明为转述
陈毅,Chen Yi,人名,
江渭清,Jiang Weiqing,人名,
钟国楚,Zhong Guochu,人名,
徐良彦,Xu Liangyan,人名,明万历年间溧水知县
李新,Li Xin,人名,崇山侯，督凿胭脂河
潘振,Pan Zhen,人名,宋建炎三年溧水县尉，守城死
贺一桂,He Yigui,人名,明隆庆元年溧水知县
达鲁花赤,darughachi,职官,元代监临官，音译后补一句说明
知州,prefect,职官,州级长官；元代达鲁花赤位在其上
次畿,ciji (secondary metropolitan county),制度,宋代县等，音译后补说明
全国乡村旅游重点村,National Key Rural Tourism Village,制度,文旅部评定称号
4A 级旅游景区,4A-rated tourist attraction,制度,旅游景区质量等级
国家级水利风景区,National Water Conservancy Scenic Area,制度,水利部评定称号
年号通用式,the Nth year of the X era (Y CE),规则,年号保留音译并补公元年份；N 用英文序数词，X 用年号音译，Y 为公元年份
街镇通名,Town / Subdistrict,规则,镇用 Town，街道用 Subdistrict，村用 Village
蒲塘村,Putang Village,地名,洪蓝街道蒲塘桥所在村
长乐村,Changle Village,地名,东屏街道长乐桥所在村
石山下村,Shishanxia Village,地名,晶桥镇晶桥刘氏宗祠所在村
郭塘头,Guotangtou,地名,洪蓝街道赵氏宗祠所在村
观前头,Guanqiantou,地名,晶桥镇寻仙观所在村
白石观,Baishiguan,地名,晶桥镇金井涌泉所在村
艾园,Aiyuan,地名,溧水开发区颜氏宗祠所在村
中杨村,Zhongyang Village,地名,和凤镇义气墩所在村
杨家村,Yangjia Village,地名,和凤镇和凤杨氏宗祠所在村
诸家村,Zhujia Village,地名,和凤镇和凤诸氏宗祠所在村
黄家村,Huangjia Village,地名,和凤镇黄家古井所在村
枫香岭村,Fengxiangling Village,地名,晶桥镇中山烈士陵园所在村
李巷,Lixiang,地名,白马镇石头寨村李巷；「红色李巷」见该条
望京街,Wangjing Street,地名,永阳镇永昌桥所在街
团山,Tuanshan,山体,柘塘街道乌山团山，宋瑛墓所在
乌山,Wushan,山体,柘塘街道
秋湖山,Qiuhu Mountain,山体,永阳街道，明代采石场所在
东庐山,Donglu Mountain,山体,永阳镇，秦淮源头所在
大金山,Dajin Mountain,山体,白马镇
石山,Shishan,山体,石湫镇石山遗址所在
宋瑛墓,"Song Ying's Tomb",墓葬,明驸马宋瑛墓，柘塘街道乌山团山
义气墩,Yiqidun Mound,墓葬,和凤镇中杨村；市、区两级名录级别与时代不一致
黄家古井,Huangjia Ancient Well,古迹,和凤镇黄家村
洪蓝芮氏宗祠,"Rui Ancestral Hall, Honglan",古迹,洪蓝街道仓口村
石湫魏氏宗祠,"Wei Ancestral Hall, Shiqiu",古迹,石湫街道魏家村
和凤杨氏宗祠,"Yang Ancestral Hall, Hefeng",古迹,和凤镇杨家村
和凤诸氏宗祠,"Zhu Ancestral Hall, Hefeng",古迹,和凤镇诸家村
晶桥刘氏宗祠,"Liu Ancestral Hall, Jingqiao",古迹,晶桥镇石山下村
颜氏宗祠,Yan Ancestral Hall,古迹,开发区艾园村
赵氏宗祠,Zhao Ancestral Hall,古迹,洪蓝镇郭塘头村
樊氏宗祠,Fan Ancestral Hall,古迹,洪蓝镇仓口村
邱氏宗祠,Qiu Ancestral Hall,古迹,洪蓝镇仓口村
永昌桥,Yongchang Bridge,古迹,永阳镇望京街，区级第三批
寻仙观,Xunxian Temple,寺庙,晶桥镇观前头村；道观，通名沿用 Temple
金井涌泉,Jinjing Spring,古迹,晶桥镇白石观村
秦淮源头,Source of the Qinhuai River,水系,永阳镇东庐山
无想寺摩崖石刻,"Wuxiang Temple Cliff Inscriptions",石刻,市级文保，洪蓝街道无想山
秋湖山古采石场,"Qiuhu Mountain Quarry",遗址,明代采石场，市级文保
石山遗址,Shishan Site,遗址,新石器时期，区级第三批
李巷革命遗址建筑群,"Lixiang Revolutionary Site Buildings",纪念地,区级第三批，白马镇李巷村
大金山抗战遗址,"Dajin Mountain War of Resistance Site",纪念地,白马镇；级别待核
回峰山反顽战役遗址,"Huifeng Mountain Counter-Diehard Campaign Site",纪念地,市级第五批，白马镇回峰山
中山烈士陵园,"Zhongshan Martyrs' Cemetery",纪念地,1959 年建，晶桥镇枫香岭村
中山水库,Zhongshan Reservoir,水系,1959 年建成，一干河上游
方便水库,Fangbian Reservoir,水系,1959 年建成
宋瑛,Song Ying,人名,明驸马，宋瑛墓墓主
韩熙载,Han Xizai,人名,南唐
李佛保,Li Fobao,人名,明嘉靖年间溧水抗倭勇士
吴仕诠,Wu Shiquan,人名,万历《溧水县志》修者
黄汝金,Huang Rujin,人名,万历《溧水县志》纂者
闵派鲁,Min Pailu,人名,顺治《溧水县志》修者
林古度,Lin Gudu,人名,顺治《溧水县志》纂者
刘登科,Liu Dengke,人名,康熙《溧水县志》修者
程之望,Cheng Zhiwang,人名,康熙《溧水县志》纂者
王芝藻,Wang Zhizao,人名,康熙《溧水县志》纂者
凌世御,Ling Shiyu,人名,乾隆《溧水县志》修者
方性存,Fang Xingcun,人名,乾隆《溧水县志》纂者
傅观光,Fu Guangguang,人名,光绪《溧水县志》修者
丁维诚,Ding Weicheng,人名,光绪《溧水县志》纂者
俞栗,Yu Li,人名,北宋崇宁四年状元，状元坊所本
杨立铭,Yang Liming,人名,物理学家，溧水籍
杨立炯,Yang Lijiong,人名,水稻栽培学家，溧水籍
李乾一,Li Qianyi,人名,1933 年创办溧水私立伯纯初级中学
苏南反顽战役,"the Southern Jiangsu Counter-Diehard Campaign",事件,1943 年 4 月，涉及回峰山
抗大九分校,"Ninth Branch School, Anti-Japanese Military and Political University",机构,1943 年苏南反顽战役参战部队
苏南区行政公署,"Southern Jiangsu Administrative Office (wartime)",机构,抗战时期苏南政权机关，与 1949 年后的苏南行政公署不是同一机构
伯纯初级中学,Bocun Junior Middle School,机构,1933 年创办的溧水私立中学
宋代,the Song dynasty,朝代,条目 era 字段的取值
清代,the Qing dynasty,朝代,条目 era 字段的取值
民国时期,the Republican period,朝代,条目 era 字段的取值
新石器时期,the Neolithic,时期,条目 era 字段的取值
旧石器时代晚期,the Late Palaeolithic,时期,条目 era 字段的取值
西周至春秋,the Western Zhou to Spring and Autumn period,时期,条目 era 字段的取值
春秋战国,the Spring and Autumn and Warring States period,时期,条目 era 字段的取值
隋大业四年,the fourth year of the Daye era,年号,公元 608 年
唐武德三年,the third year of the Wude era,年号,公元 620 年
唐至德二载,the second year of the Zhide era,年号,公元 757 年
唐上元二年,the second year of the Shangyuan era,年号,公元 761 年
唐大顺元年,the first year of the Dashun era,年号,公元 890 年
宋天禧二年,the second year of the Tianxi era,年号,公元 1018 年
宋建炎三年,the third year of the Jianyan era,年号,公元 1129 年
宋景定二年,the second year of the Jingding era,年号,公元 1261 年；《景定建康志》成书之年
元天历二年,the second year of the Tianli era,年号,公元 1329 年
明洪武二十六年,the twenty-sixth year of the Hongwu era,年号,公元 1393 年
明永乐元年,the first year of the Yongle era,年号,公元 1403 年
明弘治四年,the fourth year of the Hongzhi era,年号,公元 1491 年
明正德三年,the third year of the Zhengde era,年号,公元 1508 年
明正德四年,the fourth year of the Zhengde era,年号,公元 1509 年
明嘉靖四年,the fourth year of the Jiajing era,年号,公元 1525 年
明嘉靖七年,the seventh year of the Jiajing era,年号,公元 1528 年
明嘉靖三十四年,the thirty-fourth year of the Jiajing era,年号,公元 1555 年
明隆庆元年,the first year of the Longqing era,年号,公元 1567 年
明万历七年,the seventh year of the Wanli era,年号,公元 1579 年
明万历三十四年,the thirty-fourth year of the Wanli era,年号,公元 1606 年
清顺治十五年,the fifteenth year of the Shunzhi era,年号,公元 1658 年
清康熙十六年,the sixteenth year of the Kangxi era,年号,公元 1677 年
清乾隆四十二年,the forty-second year of the Qianlong era,年号,公元 1777 年
清光绪九年,the ninth year of the Guangxu era,年号,公元 1883 年
南京市,Nanjing,行政区划,
江苏省,Jiangsu Province,行政区划,
江宁,Jiangning,行政区划,宋以前县名；今南京市江宁区
丹阳,Danyang,地名,今南京市江宁区小丹阳；隋置溧水县时析其故地
固城,Gucheng,地名,春秋濑渚邑所筑之城，在今高淳之南
濑渚邑,Laizhu Yi,地名,春秋时溧水之地名
陵平,Lingping,地名,吴迁濑邑于陵平山下所改之名，在今溧阳
秣陵,Moling,地名,秦改金陵为秣陵
东坝,Dongba,地名,今南京市高淳区东坝；元兵由此趋溧水
铜关,Tongguan,地名,宋末溧水境内关隘
永丰圩,Yongfeng Polder,地名,宋代圩田；绍兴年间赐秦桧
凤贤圩,Fengxian Polder,地名,明代溧水圩田
山阳乡,Shanyang Township,地名,清初溧水乡名
白鹿乡,Bailu Township,地名,清初溧水乡名
蒲村,Pucun,地名,清初山阳乡属村
状元坊,Zhuangyuan Fang,地名,溧水城区地名；因北宋俞栗中状元得名
杜城山,Ducheng Mountain,山体,唐武德年间杜伏威屯军处
浮山,Fushan,山体,明崇祯年间民取白土充饥处
狮子山,Shizi Mountain,山体,明崇祯元年筑圩埂处
峒岘山,Tongxian Mountain,山体,清初白鹿乡属山
中山,Zhongshan,山体,溧水境内山名；与南京紫金山（亦称中山）无关
一干河,Yigan River,水系,中山水库所在河流
中山书院,Zhongshan Academy,机构,明嘉靖二十年置义田；清代溧水书院
苏南反顽战役纪念馆,Memorial Hall of the Southern Jiangsu Counter-Diehard Campaign,机构,溧水区
宁杭高速铁路,Nanjing–Hangzhou High-Speed Railway,机构,2013 年 7 月 1 日开通运营
靖难之役,Jingnan Campaign,事件,明建文年间
渡江战役,Yangtze Crossing Campaign,事件,1949 年 4 月
《景定建康志》,Jiankang Gazetteer of 1261,文献,南宋景定二年成书
《中国地方志联合目录》,Union Catalogue of Chinese Local Gazetteers,文献,中国科学院北京天文台主编
《均甲平徭册》,Record of Equalised Corvée,文献,清顺治十二年闵派鲁编
齐泰,Qi Tai,人名,明建文朝兵部尚书；溧水人；死于靖难之役
伍员,Wu Yuan,人名,春秋吴国大夫；周敬王十四年伐楚烧固城
李煜,Li Yu,人名,南唐后主
曹彬,Cao Bin,人名,宋初大将；开宝八年遣将败江南军于溧水
秦桧,Qin Hui,人名,南宋权臣；绍兴年间受赐永丰圩田
徐达,Xu Da,人名,明初大将；元至正十五年取溧水州
王从善,Wang Congshan,人名,明嘉靖四年溧水知县
曾震,Zeng Zhen,人名,明嘉靖三十七年溧水知县；筑石城
傅应祯,Fu Yingzhen,人名,明万历二年溧水知县
徐必达,Xu Bida,人名,明万历二十五年溧水知县；后为应天府尹
刘应雷,Liu Yinglei,人名,明隆庆五年溧水知县；丈量田亩
陈子贞,Chen Zizhen,人名,明万历九年溧水知县
喻言兴,Yu Yanxing,人名,明万历二十三年溧水知县
谢廷,Xie Ting,人名,明嘉靖二十年溧水知县
高翀,Gao Chong,人名,明嘉靖七年溧水知县
李旦,Li Dan,人名,明嘉靖七年溧水教谕
姜从周,Jiang Congzhou,人名,明嘉靖三十一年溧水主簿
曾就义,Zeng Jiuyi,人名,明崇祯元年溧水知县
张整,Zhang Zheng,人名,明正德三年捐谷赈饥的邑民
席书,Xi Shu,人名,明嘉靖二年奉遣赈灾的侍郎
彭礼,Peng Li,人名,明弘治十六年巡抚都御史
罗佳士,Luo Jiashi,人名,清顺治二年溧水知县
方至道,Fang Zhidao,人名,清顺治二年溧水典史；率众以全城降
王观瀛,Wang Guanying,人名,清顺治二年溧水知县；弃官去
安应睟,An Yingsui,人名,清顺治七年溧水知县
刘虔,Liu Qian,人名,清顺治二年义士；土贼焚县堂时战死
洪承畴,Hong Chengchou,人名,清初内院大学士
李蔚,Li Wei,人名,清顺治年间溧水绅士
萧秉乾,Xiao Bingqian,人名,清顺治年间溧水绅士
胡文美,Hu Wenmei,人名,清顺治年间溧水绅士
许桂,Xu Gui,人名,元泰定元年旌表的百岁民
李衡,Li Heng,人名,元至元三年溧水知州
杨宠,Yang Chong,人名,元至正十五年劝铁同知以全城降的义民
也先帖木儿,Esen Temür,人名,元末将领；至正十三年复溧水
阿剌罕,Alahan,人名,元初将领；德祐元年由西道趋溧水
伯颜,Bayan,人名,元初行省平章事；统溧水等县
田钦祚,Tian Qinzuo,人名,宋将；开宝八年败江南军于溧水
王钦若,Wang Qinruo,人名,宋臣；天圣元年议罢溧水采丹砂
卢襄,Lu Xiang,人名,宋宣和七年知府事；请罢三湖为圩田
苏逸,Su Yi,人名,东晋咸和四年为王允之所获
王允之,Wang Yunzhi,人名,东晋将军
严密,Yan Mi,人名,吴都尉；永安元年开丹阳湖田
孔景宣,Kong Jingxuan,人名,南朝宋永世令；泰始二年叛
刘休文,Liu Xiuwen,人名,南朝宋溧阳令
杨行密,Yang Xingmi,人名,唐末宁国军节度使
孙孺,Sun Ru,人名,唐末攻宣州；军屯溧水
李福,Li Fu,人名,杨行密部将；夜袭孙孺军
徐知诰,Xu Zhigao,人名,南唐烈祖
塘马,Tangma,地名,1941 年塘马战斗发生地，在今溧阳
永阳镇,Yongyang Town,行政区划,2015 年改设永阳街道
柘塘镇,Zhetang Town,行政区划,2015 年改设柘塘街道
东屏镇,Dongping Town,行政区划,2018 年改设东屏街道
洪蓝镇,Honglan Town,行政区划,2018 年改设洪蓝街道
石湫镇,Shiqiu Town,行政区划,2018 年改设石湫街道
濑水,Laishui,水系,旧志谓「溧水者濑水也」，溧水得名所本
天兴寺,Tianxing Temple,寺庙,南唐溧水寺院；升元六年桑树生木人一事所出
表忠祠,Biaozhong Shrine,古迹,明嘉靖四年知县王从善为齐泰所建
便民新仓,Bianmin New Granary,古迹,明隆庆元年知县贺一桂改建
先斯仓,Xiansi Granary,古迹,明嘉靖五年知县王从善建
广通坝,Guangtong Dam,古迹,明正德七年筑，塞广通镇二闸
溧水石城,the stone wall of Lishui,城防,明嘉靖三十七年知县曾震筑
漕粮改折,commutation of grain tax,制度,明代溧水漕米改折银两
南唐,Southern Tang,时期,条目 era 字段的取值
南朝,Southern Dynasties,时期,条目 era 字段的取值
年代未详,Date undetermined,时期,条目 era 字段的取值
宝塔公园,Baota Park,地名,永阳街道，永寿寺塔所在
咸宁公主,Xianning Princess,人名,明驸马宋瑛之妻；宋瑛墓出土墓志之一
